epoch,train_loss,valid_loss
1,7077.069517,1169.813194
2,654.257057,365.254977
3,244.533696,203.951454
4,190.828529,179.493078
5,177.521266,174.783474
