epoch,train_loss,valid_loss
1,7859.370272,1338.854730
