epoch,train_loss,valid_loss
1,8284.370235,1651.015906
2,895.000672,333.215856
3,184.400804,180.335514
